{"Abdulpur": [88.97169435799769, 24.259795529429045], "Aditmari": [89.34883446086425, 25.924292397217982], "Ahsanganj": [88.9752, 24.614], "Akkelpur": [89.0157574, 24.9645943], "Alamdanga": [88.93649864232576, 23.761401797440715], "Amnura": [88.39880550377372, 24.62727994690905], "Arani": [88.88258722892155, 24.28980715634859], "Ashuganj": [91.0015, 24.0383], "Atharabari": [90.7136939247454, 24.640503802876736], "Azampur": [91.2207974, 23.8926482], "Badarganj": [89.058069, 25.6720255], "Badiakhali": [89.5426, 25.2351], "Baharpur": [89.56145078717152, 23.68625687590564], "Bajitpur": [90.91295536702134, 24.19966672623719], "Bajra": [91.10062523370776, 22.99208220802865], "Bamondanga": [89.44549983824584, 25.533697993102813], "Baramchal": [91.9789, 24.5873], "Barhatta": [90.8813, 24.8978], "Benapole": [88.90236285629622, 23.042938449760133], "Bhairab_Bazar": [90.97819370525576, 24.05025904390436], "Bhanga": [89.98463006761351, 23.40040664515808], "Bhanugach": [91.84148894803091, 24.35191264815611], "Bhatiary": [91.7489420585842, 22.429990094486744], "Bheramara": [88.99197752520193, 24.0232127332269], "Bhomradah": [88.3671, 25.9333], "Bhuapur": [89.867, 24.4676], "Bidyaganj": [90.2594, 24.8241], "Biman_Bandar": [90.4080793, 23.8518522], "Birampur": [88.9941, 25.3979], "Boalmari_Bazar": [89.68771106329021, 23.38986036322908], "Bogura": [89.377755, 24.8465228], "Bonar_Para": [89.523, 25.1642], "Boral_Bridge": [89.3803, 24.2148], "Borashi": [89.84263457198836, 22.99490656259778], "Brahmanbaria": [91.10866382480567, 23.966643715479687], "Burimari": [88.9356094, 26.3960696], "Chakaria": [92.04235159655524, 21.756253519912345], "Chandpur": [90.64292227796624, 23.23069253455817], "Chandpur_Court": [90.655019, 23.2255213], "Chandradighalia": [89.77687790682717, 23.07352970582277], "Chapainawabganj": [88.2803939896464, 24.59880710589095], "Chapta": [89.75207522307284, 23.1978931741008], "Chatmohar": [89.27546017142974, 24.189008100649662], "Chilahati": [88.7964713997644, 26.243166201497072], "Chirirbandar": [88.77587624138144, 25.645794535565035], "Chitoshi_Road": [91.02939693404817, 23.235590534668763], "Choumuhani": [91.120771122082, 22.94390364708169], "Chuadanga": [88.85648114727513, 23.63980235542526], "Cumilla": [91.1666649753384, 23.46362996193201], "Darshana_Halt": [88.79716498881845, 23.5264589093763], "Dashuria": [89.13043549523728, 24.112790836962283], "Daulatpur": [89.5221259013049, 22.876537098496847], "Dewanganj_Bazar": [89.7563, 25.157], "Dhaka": [90.42605671358024, 23.73463380302861], "Dhalarchar": [89.6682, 23.8406], "Dinajpur": [88.63242193816642, 25.62496027207213], "Dohazari": [92.0662247935414, 22.170203446499112], "Domar": [88.81990215857267, 26.104641996808343], "Dublia": [89.36814974694178, 23.977728555392588], "Dulahazara": [92.07350605270632, 21.675174772220405], "Faridpur": [89.84259253896444, 23.61103621630137], "Feni": [91.40342525902072, 23.013284242508224], "Fulbari": [88.9687, 25.4954], "Gachihata": [90.82448306247832, 24.341949064196758], "Gafargaon": [90.5478, 24.4537], "Gaibandha": [89.542466, 25.3323091], "Gobra": [89.8289857544859, 22.947886278519263], "Gouripur_Myn": [90.5655556836251, 24.763904283116474], "Gunabati": [91.2975, 23.0876], "Hajiganj": [90.8482283645351, 23.25825429757913], "Harashpur": [91.3098775, 24.0166274], "Hasanpur": [91.23717085566552, 23.13541797277768], "Hatibandha": [89.1386757535379, 26.128340570986428], "Hemnagar": [89.8594, 24.568], "Hili": [89.00699166391394, 25.277515144463734], "Ibrahimabad": [89.8201, 24.3896], "Islampur_Bazar": [89.7915, 25.0778], "Ishwardi": [89.06278499490406, 24.13026731266785], "Jagannathgonj_Bazar": [89.8177, 24.6602], "Jaforshahi": [89.8585, 24.8131], "Jamalganj": [89.0218, 25.0306], "Jamalpur_Town": [89.9546, 24.9148], "Jamtail": [89.6602848853709, 24.36130341876238], "Kankina": [89.2416919156165, 25.956070623960283], "Kashiani": [89.72516104974235, 23.233385044017904], "Kashinathpur": [89.5898, 23.9703], "Kaunia": [89.42346697049662, 25.77810999021951], "Kawgaon": [88.70632412321172, 25.619053487914552], "Kendua_Bazar": [89.9067, 24.8568], "Kholahati": [88.97494149671661, 25.6562108099428], "Khulna": [89.55754825270584, 22.82064649205687], "Kishorganj": [90.78870881652864, 24.426437980012626], "Kismat": [88.44598303506483, 26.220809758332283], "Kuliarchar": [90.92858083165063, 24.151007951269595], "Kumira": [91.71601031795502, 22.50522682874788], "Kumarkhali": [89.2413, 23.8604], "Kurigram": [89.6212955, 25.8075574], "Kushtia_Court": [89.12832913179956, 23.907180287824023], "Lalmonirhat": [89.44488518957681, 25.91154169159403], "Lokmanpur": [88.9341804443276, 24.28121382857456], "Madhukhali": [89.63091025763813, 23.546760406049103], "Madhnagar": [88.95933815455692, 24.50271993798189], "Mahimaganj": [89.4938, 25.1042], "Maijgaon": [91.95148339963168, 24.686062552311792], "Manikkhali": [90.84641519511815, 24.297915125673544], "Mawa": [90.274264, 23.50358], "Meher": [90.94332483954808, 23.24512326502931], "Melandah_Bazar": [89.8534, 24.9783], "Methikanda": [90.77143982564924, 23.935510052913777], "Mirpur": [88.99701611898068, 23.941527293864397], "Mirzapur": [90.1017, 24.1054], "Modhu_Road": [90.75625912322155, 23.24439017023156], "Mohanganj": [90.97312471684168, 24.87070969307444], "Mongalpur": [88.53537401939943, 25.719185002554795], "Montola": [91.3451, 24.0695], "Mubarakganj": [89.12439903853634, 23.400421776400982], "Mukundapur": [91.2652, 23.964], "Mymensingh": [90.41012074413864, 24.75330502644484], "Nachole": [88.4025, 24.7247], "Naliagram": [89.60570824318049, 23.6025584406968], "Nandina": [90.0359052785333, 24.86745115953543], "Nangolkot": [91.19864687506856, 23.167740479507906], "Narail": [89.49580810648091, 23.1766282790048], "Narsingdi": [90.72103321018358, 23.93100570292409], "Narundi": [90.12, 24.865], "Natherpetua": [91.11549134439244, 23.113176028571303], "Natore": [88.96643046261983, 24.41083842855462], "Nayaniburuj": [88.4971, 26.2782], "Nayapara": [91.3567, 24.1808], "Netrakona": [90.7207987682568, 24.88892945128819], "Nilphamari": [88.8358417, 25.9490764], "Noakhali": [91.1015228216868, 22.8277053147872], "Noapara": [89.39540440349563, 23.03327820162793], "Pachuria": [89.71175834615997, 23.747611423675973], "Padma": [90.21869180283404, 23.39794152935613], "Paksey": [89.04068726977209, 24.070877473807744], "Panchagarh": [88.54052868617048, 26.33001552089012], "Panchbibi": [89.0215654, 25.1885176], "Pangsha": [89.4172, 23.7861], "Parbatipur": [88.91567365441107, 25.653237531093083], "Patgram": [89.0213325, 26.3437585], "Patiya": [91.9820848208097, 22.297903927737256], "Pirgacha": [89.40757087439259, 25.659299476443003], "Pirganj": [88.3578266, 25.859262], "Piyarpur": [90.1967, 24.879], "Poradaha": [89.03252922586532, 23.86474005690181], "Pukuria": [89.95761567288702, 23.442589550224227], "Quasba": [91.15561524051348, 23.74025039350887], "Raghabpur": [89.304947, 23.995232], "Rajbari": [89.64533354300717, 23.76275385517667], "Rajshahi": [88.60908367347457, 24.37517289200973], "Rajshahi_Court": [88.5655, 24.379], "Ramu": [92.0951947595472, 21.42239669390552], "Rangpur": [89.2640182, 25.7284027], "Rohanpur": [88.3194605, 24.8204543], "Ruhia": [88.39753985953752, 26.15816720482777], "Safdarpur": [88.96149243443129, 23.46246962093432], "Saidpur": [88.8931484, 25.7870289], "Santahar": [88.98592162078977, 24.80596135708025], "Sararchar": [90.9007, 24.2188], "Sarishabari": [89.8398, 24.7611], "Sathia_Rajapur": [89.4869, 23.9728], "Satkania": [92.06177781156056, 22.09205497301168], "Setabganj": [88.45933118876619, 25.800615859090836], "Shaistaganj": [91.4498296251612, 24.278439525713345], "Shamshernagar": [91.9002, 24.3829], "Shashidal": [91.14692628331652, 23.639399877279512], "Shibchar": [90.1299232714194, 23.385517237388985], "Shibganj": [88.40363321863921, 25.998213782771085], "Sholoshohor": [91.8265372131275, 22.368479346882644], "Singia": [89.34678417956194, 23.121256722203533], "Sirajganj_Bazar": [89.70234826916771, 24.45102822756059],